id,iq,lang_ap,prof
p01_male_young,96.87,53.58,0.93
p02_female_young,100.92,47.68,0.73
p03_male_young,95.82,50.63,0.81
p04_female_young,107.98,43.26,0.66
p05_male_young,101.65,41.79,0.54
p06_female_young,95.9,46.21,0.68
p07_male_young,102.44,30,0.43
p08_female_young,103.69,38.84,0.59
p09_male_young,102.88,52.11,0.89
p10_female_young,98.47,40.32,0.68
p11_male_older,112.56,35.89,0.54
p12_female_older,106.95,44.74,0.67
p13_male_older,101.89,34.42,0.58
p14_female_older,93.93,31.47,0.53
p15_male_older,110.62,49.16,0.7
p16_female_older,104.78,37.37,0.52
p17_male_older,104.92,56.53,0.9
p18_female_older,109.72,55.05,0.91
p19_male_older,109.11,32.95,0.5
p20_female_older,107.97,58,0.96
